name,time,external,internal
temperature,1657989708958556834,110,29.8
temperature,1657989718211345882,110,29.9
temperature,1657989727483437134,110,31.1
temperature,1657989736741521035,110,30.1
temperature,1657989745993861421,110,29.7
temperature,1657989755247195817,110,31.1
temperature,1657989764503844989,110,30.8
temperature,1657989773743243961,110,29.5
temperature,1657989783010116024,110,30.4
temperature,1657989792273805939,110,29.9
temperature,1657989801547919161,110,30.6
temperature,1657989810811277750,110,30.6
temperature,1657989820080754444,110,-1
temperature,1657989829334326608,110,31.8
temperature,1657989838594589670,110,30.6
temperature,1657989847853822136,110,30.6
temperature,1657989857116209623,110,30.1
temperature,1657989866366926408,110,30.3
temperature,1657989875635881585,110,31.1
temperature,1657989884900825146,110,30.6
temperature,1657989894166625239,110,30.7
temperature,1657989903433081103,110,30.3
temperature,1657989912683159034,110,30.7
temperature,1657989921947489993,110,30.6
temperature,1657989931217086459,110,30.8
temperature,1657989940475253995,110,30.6
temperature,1657989949726235470,110,30.6
temperature,1657989958983207489,110,30.3
temperature,1657989968243934568,110,30.4
temperature,1657989977509725205,110,30.3
temperature,1657989986764359476,110,30
temperature,1657989996024561212,110,29.3
temperature,1657990005284149334,110,30.6
temperature,1657990014558415716,110,30
temperature,1657990023807563621,110,30.6
temperature,1657990033077089304,110,30.3
temperature,1657990042356061113,110,30.8
temperature,1657990051631506740,110,31.4
temperature,1657990060892709596,110,30.6
temperature,1657990070153851844,110,30.9
temperature,1657990079421705574,110,30.1
temperature,1657990088698628565,110,30.3
temperature,1657990097969811709,110,30.2
temperature,1657990107232408444,110,30.4
temperature,1657990116495785498,110,30.4
temperature,1657990125761366978,110,30.1
temperature,1657990135041991655,110,30.3
temperature,1657990144295896760,110,30.5
temperature,1657990153568882889,110,29.5
temperature,1657990162839011163,110,30.3
temperature,1657990172100695336,110,30.8
temperature,1657990181370184130,110,30.4
temperature,1657990190636080111,110,30.6
temperature,1657990199911062273,110,30.5
temperature,1657990209190186750,110,30.7
temperature,1657990218455750620,110,30.4
temperature,1657990227736290336,110,30.1
temperature,1657990237019221648,110,30.4
temperature,1657990246284527554,110,30.6
temperature,1657990255550485562,110,30.8
temperature,1657990264802507034,110,30.3
temperature,1657990274071133736,110,30.6
temperature,1657990283349500331,110,29.8
temperature,1657990292623513235,110,30.3
temperature,1657990301883055099,110,31.2
temperature,1657990311152197383,110,30.4
temperature,1657990320411658385,110,30.3
temperature,1657990329674305044,110,30.2
temperature,1657990338936464166,110,31.3
temperature,1657990348196492318,110,30.6
temperature,1657990357470824292,110,30.6
temperature,1657990366728033717,110,30.5
temperature,1657990375993782173,110,29.9
temperature,1657990385250492882,110,30.5
temperature,1657990394507844775,110,30.6
temperature,1657990403768846358,110,30.6
temperature,1657990413023016969,110,30.3
temperature,1657990422279163726,110,30.6
temperature,1657990431540967918,110,30.6
temperature,1657990440809427559,110,30.8
temperature,1657990450068092513,110,30.1
temperature,1657990459344045095,110,30.6
temperature,1657990468619532255,110,30.9
temperature,1657990477881363875,110,30.2
temperature,1657990487148073751,110,29.8
temperature,1657990496436368387,110,30.8
temperature,1657990505693248686,110,30.1
temperature,1657990514958245336,110,31.1
temperature,1657990524238888784,110,30.6
temperature,1657990533501929490,110,30.1
temperature,1657990542754239701,110,29.8
temperature,1657990552025265875,110,30
temperature,1657990561297297443,110,30.6
temperature,1657990570550199753,110,30.1
temperature,1657990579818451063,110,30.3
temperature,1657990589088622377,110,30.6
temperature,1657990598356055968,110,30.7
temperature,1657990607612687320,110,30.2
temperature,1657990616870589956,110,30.1
temperature,1657990626126328751,110,30.1
temperature,1657990635367743985,110,29.7
temperature,1657990644628566936,110,29.6
temperature,1657990653884438602,110,30.1
temperature,1657990663149208144,110,30.6
temperature,1657990672412953538,110,30.1
temperature,1657990681679945910,110,30.3
temperature,1657990690953723287,110,30.3
temperature,1657990700209907729,110,30.8
temperature,1657990709456572685,110,30.1
temperature,1657990718715585391,110,30.7
temperature,1657990727975298860,110,30.3
temperature,1657990737223214586,110,29.7
temperature,1657990746470098400,110,29.8
temperature,1657990755725770302,110,30.4
temperature,1657990765013152974,110,30.6
temperature,1657990774278933528,110,30.8
temperature,1657990783540666436,110,30.3
temperature,1657990792800470430,110,30.6
temperature,1657990802053332040,110,30.3
temperature,1657990811319694516,110,30.2
temperature,1657990820575235253,110,30.8
temperature,1657990829839310165,110,30.3
temperature,1657990839100367043,110,30.5
temperature,1657990848365054079,110,29.8
temperature,1657990857638592292,110,30.8
temperature,1657990866888641167,110,30.8
temperature,1657990876143203336,110,31.1
temperature,1657990885390689878,110,30
temperature,1657990894663059843,110,30.6
temperature,1657990903943822174,110,30.6
temperature,1657990913204688604,110,30.1
temperature,1657990922472572946,110,30.4
temperature,1657990931723653550,110,30.5
temperature,1657990940992305761,110,31.1
temperature,1657990950250802077,110,30
temperature,1657990959540279431,110,30.3
temperature,1657990968803327866,110,29.8
temperature,1657990978057064582,110,31
temperature,1657990987332532387,110,30.6
temperature,1657990996620025100,110,30.3
temperature,1657991005885067524,110,30.3
temperature,1657991015151107197,110,30.9
temperature,1657991024402848429,110,30.3
temperature,1657991033657071476,110,29.8
temperature,1657991042915235157,110,30
temperature,1657991052176537200,110,30.1
temperature,1657991061440560996,110,30.7
temperature,1657991070718260507,110,30.6
temperature,1657991079993275047,110,30.6
temperature,1657991089238950516,110,30.8
temperature,1657991098496369863,110,30.2
temperature,1657991107754452372,110,30.8
temperature,1657991117005340370,110,30.6
temperature,1657991126267199308,110,30
temperature,1657991135534495104,110,30.8
temperature,1657991144789538047,110,29.1
temperature,1657991154058617993,110,30.4
temperature,1657991163328546980,110,30.2
temperature,1657991172595501646,110,30.3
temperature,1657991181863363802,110,30.5
temperature,1657991191124698513,110,30.5
temperature,1657991200400483208,110,30.6
temperature,1657991209671710508,110,30.1
temperature,1657991218943682420,110,30.8
temperature,1657991228203049568,110,30.4
temperature,1657991237469817088,110,29.9
temperature,1657991246759587073,110,30.6
temperature,1657991256002518798,110,30.4
temperature,1657991265264127270,110,30.2
temperature,1657991274530026499,110,30.9
temperature,1657991283789883659,110,30.4
temperature,1657991293064045445,110,31.3
temperature,1657991302331107920,110,30.8
temperature,1657991311593544400,110,30.1
temperature,1657991320862231172,110,29.6
temperature,1657991330146167413,110,30.6
temperature,1657991339413156350,110,30.7
temperature,1657991348689753435,110,30.6
temperature,1657991357955389671,110,30.1
temperature,1657991367234025096,110,31.1
temperature,1657991376499542571,110,30.8
temperature,1657991385749579714,110,30.7
temperature,1657991395005803560,110,30.5
temperature,1657991404258190301,110,30.6
temperature,1657991413533817387,110,30.2
temperature,1657991422781578770,110,30.8
temperature,1657991432061309604,110,30.2
temperature,1657991441319680094,110,31.6
temperature,1657991450564028484,110,30.1
temperature,1657991459825431511,110,30.6
temperature,1657991469086439472,110,29.9
temperature,1657991478353975191,110,30.6
temperature,1657991487616047343,110,30.6
temperature,1657991496891113797,110,30.8
temperature,1657991506148848917,110,29.6
temperature,1657991515440344932,110,29.8
temperature,1657991524712362173,110,30.4
temperature,1657991533968001565,110,30.8
temperature,1657991543231630886,110,30.3
temperature,1657991552496490238,110,30.5
temperature,1657991561762754861,110,30.8
temperature,1657991571038173991,110,30.6
temperature,1657991580297744881,110,30.9
temperature,1657991589550175520,110,30.2
temperature,1657991598815295320,110,30.9
temperature,1657991608086919313,110,29.6
temperature,1657991617339703302,110,30.6
temperature,1657991626592027342,110,30.5
temperature,1657991635852860273,110,31.2
temperature,1657991645141563766,110,30.3
temperature,1657991654413913325,110,30.6
temperature,1657991663678777695,110,30.1
temperature,1657991672943225913,110,29.9
temperature,1657991682222247796,110,30.5
temperature,1657991691470065664,110,29.6
temperature,1657991700740284391,110,31
temperature,1657991709994446822,110,30.3
temperature,1657991719236096724,110,31.2
temperature,1657991728546937058,110,30.5
temperature,1657991737767212438,110,30.2
temperature,1657991747031639373,110,30.8
temperature,1657991756297453267,110,30.8
temperature,1657991765560982139,110,30.6
temperature,1657991774846201287,110,30.9
temperature,1657991784111770928,110,30.5
temperature,1657991793365873958,110,30.8
temperature,1657991802607972680,110,30.3
temperature,1657991811859789018,110,30.6
temperature,1657991821128004582,110,30.7
temperature,1657991830396621853,110,31
temperature,1657991839675158917,110,30.1
temperature,1657991848950687341,110,30.1
temperature,1657991858231371549,110,29.6
temperature,1657991867473581596,110,30.1
temperature,1657991876748200156,110,29.8
temperature,1657991886024171579,110,30.3
temperature,1657991895295261114,110,30.7
temperature,1657991904543306856,110,30
temperature,1657991913819359084,110,30.8
temperature,1657991923081892934,110,30.9
temperature,1657991932322296568,110,30.3
temperature,1657991941576508339,110,30.3
temperature,1657991950844590178,110,30.4
temperature,1657991960112570517,110,30.7
temperature,1657991969368448212,110,31.1
temperature,1657991978644858338,110,30.8
temperature,1657991987904603329,110,30.2
temperature,1657991997171170171,110,30
temperature,1657992006439786444,110,30.7
temperature,1657992015719932538,110,29.8
temperature,1657992024985837194,110,30.9
temperature,1657992034251600261,110,30.5
temperature,1657992043513248504,110,30.8
temperature,1657992052775672629,110,30.6
temperature,1657992062050034673,110,30.1
temperature,1657992071308097961,110,30.5
temperature,1657992080561713136,110,30.8
temperature,1657992089812363475,110,30.6
temperature,1657992099067869637,110,30.8
temperature,1657992108328390513,110,30.3
temperature,1657992117596300640,110,30.4
temperature,1657992126861274539,110,30
temperature,1657992136115382058,110,30.6
temperature,1657992145392550891,110,30.8
temperature,1657992154659853551,110,30.8
temperature,1657992163930430344,110,30.6
temperature,1657992173192754925,110,30.3
temperature,1657992182470687796,110,30.5
temperature,1657992191725750515,110,30.1
temperature,1657992200997863664,110,30.3
temperature,1657992210263687390,110,30.7
temperature,1657992219524140500,110,30.8
temperature,1657992228789353721,110,29.6
temperature,1657992238057404506,110,31.2
temperature,1657992247338395648,110,30.6
temperature,1657992256598183002,110,30.1
temperature,1657992265860024119,110,30.7
temperature,1657992275115127015,110,30.6
temperature,1657992284398463553,110,30.1
temperature,1657992293656148562,110,30.5
temperature,1657992302927679592,110,30.3
temperature,1657992312181376471,110,30.8
temperature,1657992321435722368,110,30.3
temperature,1657992330708255157,110,29.8
temperature,1657992339971278904,110,30.8
temperature,1657992349235474193,110,30.8
temperature,1657992358526279773,110,30.2
temperature,1657992367763858733,110,30.6
temperature,1657992377026568517,110,30.6
temperature,1657992386295686207,110,30.6
temperature,1657992395554540574,110,29.3
temperature,1657992404795607423,110,30.3
temperature,1657992414065725603,110,30.2
temperature,1657992423330953429,110,30.8
temperature,1657992432603708100,110,30.8
temperature,1657992441863792983,110,30.9
temperature,1657992451130855927,110,30.7
temperature,1657992460404865888,110,30.6
temperature,1657992469665911592,110,29.9
temperature,1657992478928477106,110,30.6
temperature,1657992488185468025,110,29.8
temperature,1657992497454095061,110,30.6
temperature,1657992506700002008,110,30.6
temperature,1657992515960883518,110,30.5
temperature,1657992525221520146,110,30.8
temperature,1657992534493211761,110,30.2
temperature,1657992543740156021,110,30.4
temperature,1657992553000309851,110,30.3
temperature,1657992562264229337,110,29.5
temperature,1657992571529564833,110,30.6
temperature,1657992580788390047,110,30.3
temperature,1657992590046657283,110,30.6
temperature,1657992599310324436,110,30.5
temperature,1657992608569512456,110,30.6
temperature,1657992617839052721,110,30.1
temperature,1657992627089561849,110,30.8
temperature,1657992636347595195,110,30.6
temperature,1657992645609287991,110,29.8
temperature,1657992654866666610,110,29.5
temperature,1657992664124722566,110,30.6
temperature,1657992673379796090,110,30.5
temperature,1657992682658717562,110,29.6
temperature,1657992691917799766,110,30.3
temperature,1657992701169874911,110,29.7
temperature,1657992710435006213,110,30.5
temperature,1657992719710976511,110,30.3
temperature,1657992728976907633,110,29.7
temperature,1657992738240879473,110,30.2
temperature,1657992747535115422,110,30.3
temperature,1657992756795092798,110,30.1
temperature,1657992766056100570,110,30.6
temperature,1657992775326416002,110,31
temperature,1657992784583588880,110,29.8
temperature,1657992793838128560,110,30.4
temperature,1657992803104177747,110,30.7
temperature,1657992812371666285,110,30.5
temperature,1657992821630280391,110,30.6
temperature,1657992830896462598,110,30.8
temperature,1657992840168367772,110,29.8
temperature,1657992849451420270,110,30.4
temperature,1657992858714563711,110,31.1
temperature,1657992867994606158,110,30.4
temperature,1657992877260709299,110,30.7
temperature,1657992886521732065,110,30.6
temperature,1657992895785577315,110,30.6
temperature,1657992905042707764,110,30.8
temperature,1657992914305190339,110,30.1
temperature,1657992923559685272,110,29.8
temperature,1657992932832064379,110,30.6
temperature,1657992942105997385,110,29.9
temperature,1657992951361698169,110,30.3
temperature,1657992960617827992,110,30.5
temperature,1657992969883487585,110,30.8
temperature,1657992979156998362,110,30.5
temperature,1657992988414194081,110,30.4
temperature,1657992997662628293,110,30.5
temperature,1657993006925863203,110,30.3
temperature,1657993016187283549,110,30.4
temperature,1657993025459287775,110,30.6
temperature,1657993034721295534,110,30.6
temperature,1657993043979361785,110,30.6
temperature,1657993053249922730,110,31.1
temperature,1657993062520442569,110,30.4
temperature,1657993071777493495,110,30.7
temperature,1657993081051554507,110,30.7
temperature,1657993090305985163,110,30.1
temperature,1657993099571574626,110,30.7
temperature,1657993108839604274,110,30.8
temperature,1657993118114130922,110,30.1
temperature,1657993127382726843,110,30.5
temperature,1657993136643883032,110,30.4
temperature,1657993145905377698,110,30.6
temperature,1657993155171754000,110,30.6
temperature,1657993164438785939,110,30.7
temperature,1657993173725051711,110,30.5
temperature,1657993182984996522,110,30.1
temperature,1657993192264517834,110,30.6
temperature,1657993201534438226,110,30.1
temperature,1657993210796019459,110,30.1
temperature,1657993220062864786,110,30
temperature,1657993229312413489,110,30.6
temperature,1657993238570619482,110,30.6
temperature,1657993247853083823,110,30.6
temperature,1657993257130140626,110,30
temperature,1657993266385149291,110,30.2
temperature,1657993275644214240,110,29.6
temperature,1657993284918216579,110,30.4
temperature,1657993294183363192,110,30.2
temperature,1657993303444441118,110,30.8
temperature,1657993312715520124,110,30.2
temperature,1657993321973385754,110,29.9
temperature,1657993331244215427,110,31
temperature,1657993340511666430,110,30.1
temperature,1657993349778161359,110,30.2
temperature,1657993359039508605,110,30.1
temperature,1657993368301738878,110,30.8
temperature,1657993377568097079,110,30.6
temperature,1657993386835818692,110,30.6
temperature,1657993396088818325,110,30.9
temperature,1657993405376149156,110,30.3
temperature,1657993414636293526,110,31
temperature,1657993423898925823,110,30.1
temperature,1657993433191161295,110,30.3
temperature,1657993442459781174,110,30.1
temperature,1657993451690068941,110,31.1
temperature,1657993460961255680,110,29.8
temperature,1657993470229054432,110,30
temperature,1657993479492650074,110,31
temperature,1657993488758079043,110,30.6
temperature,1657993498023724403,110,29.9
temperature,1657993507290686121,110,30.9
temperature,1657993516553455226,110,30.1
temperature,1657993525824455273,110,30.3
temperature,1657993535083422110,110,30.5
temperature,1657993544337457774,110,30
temperature,1657993553595267559,110,30.4
temperature,1657993562864798302,110,30.4
temperature,1657993572130878097,110,30.5
temperature,1657993581369095642,110,29.8
temperature,1657993590635616663,110,30.3
temperature,1657993599908741884,110,30.3
temperature,1657993609168865524,110,30.9
temperature,1657993618424723709,110,30.5
temperature,1657993627690472701,110,30.6
temperature,1657993636954073902,110,30.3
temperature,1657993646214924567,110,31.3
temperature,1657993655479033098,110,30.3
temperature,1657993664752037218,110,30.5
temperature,1657993674026238988,110,30.3
temperature,1657993683296955513,110,29.3
temperature,1657993692559735964,110,30.1
temperature,1657993701830232059,110,30.6
temperature,1657993711089297651,110,30
temperature,1657993720354218665,110,30.8
temperature,1657993729631472393,110,30.6
temperature,1657993738907594943,110,31.3
temperature,1657993748187935059,110,30.1
temperature,1657993757455545505,110,31.3
temperature,1657993766714495823,110,30.4
temperature,1657993775996472285,110,30.6
temperature,1657993785268091540,110,29.8
temperature,1657993794549583759,110,30.9
temperature,1657993803805573677,110,30.8
temperature,1657993813081178019,110,30
temperature,1657993822359763887,110,30.1
temperature,1657993831614267227,110,30.1
temperature,1657993840869870478,110,30.2
temperature,1657993850134961391,110,30
temperature,1657993859412816442,110,30.4
temperature,1657993868684873581,110,30.6
temperature,1657993877940093398,110,30.3
temperature,1657993887207759171,110,30.1
temperature,1657993896465389377,110,31.3
temperature,1657993905738435957,110,30.6
temperature,1657993915004127908,110,30.6
temperature,1657993924269963899,110,30.3
temperature,1657993933539194719,110,30.7
temperature,1657993942802438134,110,31.1
temperature,1657993952085794102,110,30.5
temperature,1657993961353384540,110,30.8
temperature,1657993970616864750,110,30.6
temperature,1657993979886300511,110,30.1
temperature,1657993989152458707,110,29.4
temperature,1657993998411624402,110,30.6
temperature,1657994007709070254,110,30.6
temperature,1657994016942708759,110,30.3
temperature,1657994026232092419,110,30.6
temperature,1657994035482602815,110,30.8
temperature,1657994044752693700,110,30.8
temperature,1657994054021893824,110,30.3
temperature,1657994063270765481,110,30.6
temperature,1657994072528894005,110,30.2
temperature,1657994081781016403,110,30.4
temperature,1657994091032893601,110,30.6
temperature,1657994100308274306,110,30.4
temperature,1657994109573250908,110,30.3
temperature,1657994118837973221,110,30.3
temperature,1657994128110242428,110,30.7
temperature,1657994137370937803,110,30.1
temperature,1657994146627166331,110,30.5
temperature,1657994155905198137,110,30
temperature,1657994165183346407,110,30.8
temperature,1657994174447853751,110,30.4
temperature,1657994183711412979,110,30.4
temperature,1657994192968171741,110,29.8
temperature,1657994202237395016,110,30.4
temperature,1657994211525477159,110,30.6
temperature,1657994220793204388,110,30.8
temperature,1657994230065196785,110,30.1
temperature,1657994239352414281,110,30.3
temperature,1657994248614965345,110,30.1
temperature,1657994257874562318,110,30.3
temperature,1657994267135265861,110,30.6
temperature,1657994276413965630,110,30
temperature,1657994285687208270,110,30.2
temperature,1657994294953873401,110,30.1
temperature,1657994304226908485,110,30.5
temperature,1657994313487301802,110,30
temperature,1657994322758982738,110,30.3
temperature,1657994332032769175,110,30.6
temperature,1657994341287885662,110,30.6
temperature,1657994350548131556,110,30.3
temperature,1657994359813555417,110,29.5
temperature,1657994369077569052,110,30
temperature,1657994378345089797,110,30.6
temperature,1657994387623254338,110,30.6
temperature,1657994396879449267,110,30.6
temperature,1657994406142767887,110,30.6
temperature,1657994415409286246,110,30.7
temperature,1657994424674259819,110,30.4
temperature,1657994433930343083,110,29.1
temperature,1657994443189390103,110,30.6
temperature,1657994452440336977,110,29.8
temperature,1657994461690897548,110,30.6
temperature,1657994470958880830,110,29.9
temperature,1657994480223859708,110,30.7
temperature,1657994489486213223,110,31
temperature,1657994498739358197,110,30.5
temperature,1657994508007065895,110,30.3
temperature,1657994517257036169,110,30.9
temperature,1657994526505446155,110,30.8
temperature,1657994535752088237,110,30.3
temperature,1657994545018225792,110,30.4
temperature,1657994554271557758,110,29.8
temperature,1657994563540533539,110,30.2
temperature,1657994572798504281,110,30.1
temperature,1657994582063594884,110,30.6
temperature,1657994591323572107,110,30.5
temperature,1657994600594346805,110,30
temperature,1657994609853905370,110,30.9
temperature,1657994619105577882,110,30.6
temperature,1657994628357257569,110,30.6
temperature,1657994637621112974,110,30.4
temperature,1657994646880703259,110,31.1
temperature,1657994656154653575,110,30.1
temperature,1657994665421171634,110,30
temperature,1657994674674751999,110,30.6
temperature,1657994683930703992,110,30.3
temperature,1657994693174303322,110,30.2
temperature,1657994702435618550,110,30.3
temperature,1657994711696621344,110,30
temperature,1657994720950695334,110,30.6
temperature,1657994730228805840,110,30.6
temperature,1657994739490684373,110,30.6
temperature,1657994748770540524,110,30.4
temperature,1657994758035775250,110,31
temperature,1657994767297984512,110,30.5
temperature,1657994776559867999,110,29.2
temperature,1657994785831927411,110,29.8
temperature,1657994795100770018,110,30.5
temperature,1657994804359033645,110,29.6
temperature,1657994813609021907,110,30.4
temperature,1657994822864909570,110,30.2
temperature,1657994832141113607,110,29.8
temperature,1657994841413158531,110,30.8
temperature,1657994850678612278,110,30.5
temperature,1657994859951211657,110,30.3
temperature,1657994869224064526,110,30.3
temperature,1657994878491141829,110,30.3
temperature,1657994887762316365,110,30.4
temperature,1657994897017319564,110,30
temperature,1657994906285038046,110,30.5
temperature,1657994915554753880,110,30.6
temperature,1657994924818420716,110,29.8
temperature,1657994934078801196,110,30.5
temperature,1657994943334380343,110,30.6
temperature,1657994952589448943,110,29.9
temperature,1657994961854407676,110,30.3
temperature,1657994971101499893,110,29.8
temperature,1657994980359185296,110,31.1
temperature,1657994989626578652,110,30.3
temperature,1657994998880594243,110,30
temperature,1657995008144449956,110,29.9
temperature,1657995017404561249,110,30.3
temperature,1657995026679040860,110,30.4
temperature,1657995035933576362,110,29.7
temperature,1657995045189731862,110,30.5
temperature,1657995054473685060,110,30.2
temperature,1657995063740766274,110,30.3
temperature,1657995073004843299,110,30.4
temperature,1657995082273467717,110,30.1
temperature,1657995091531265268,110,29.9
temperature,1657995100784474709,110,29.7
temperature,1657995110055010977,110,30.5
temperature,1657995119316942426,110,29.8
temperature,1657995128572987740,110,29.8
temperature,1657995137841998104,110,30.5
temperature,1657995147110985673,110,30.2
temperature,1657995156377502820,110,30.5
temperature,1657995165640053644,110,30.3
temperature,1657995174904771849,110,30.1
temperature,1657995184167106394,110,30.6
temperature,1657995193461355958,110,30.8
temperature,1657995202720699129,110,29.1
temperature,1657995212005243913,110,29.9
temperature,1657995221262998072,110,29.8
temperature,1657995230533205681,110,30.8
temperature,1657995239805201055,110,30.3
temperature,1657995249064295548,110,30.3
temperature,1657995258347236871,110,30.3
temperature,1657995267612485414,110,30.2
temperature,1657995276871390775,110,30.1
temperature,1657995286135567633,110,30.9
temperature,1657995295395346393,110,30.5
temperature,1657995304678527777,110,30.1
temperature,1657995313947534787,110,29.8
temperature,1657995323208587076,110,29.6
temperature,1657995362485890232,110,29.8
temperature,1657995371765562141,110,30.1
temperature,1657995381009067302,110,30.3
temperature,1657995390285578886,110,30.1
temperature,1657995399547866505,110,30.1
temperature,1657995408826918282,110,30.4
temperature,1657995418079725606,110,30.2
temperature,1657995427336812991,110,29.8
temperature,1657995436583400310,110,29.8
temperature,1657995445843017055,110,29.6
temperature,1657995455127370941,110,30.3
temperature,1657995464398789851,110,30.6
temperature,1657995473658319427,110,30
temperature,1657995482927213521,110,30.1
temperature,1657995492206648074,110,30.3
temperature,1657995501473234402,110,30.3
temperature,1657995510734934918,110,30
temperature,1657995519997116949,110,30.2
temperature,1657995529289777664,110,30.4
temperature,1657995538552368303,110,30.1
temperature,1657995547819591434,110,29.1
temperature,1657995557084916199,110,30.7
temperature,1657995566346489278,110,30.3
temperature,1657995575616857126,110,30.1
temperature,1657995584879379628,110,29.8
temperature,1657995594144529396,110,30.3
temperature,1657995603394522174,110,30.1
temperature,1657995612658552667,110,30.6
temperature,1657995621925051183,110,30.3
temperature,1657995631185789180,110,30.3
temperature,1657995640466602883,110,30.2
temperature,1657995649730774645,110,29.9
temperature,1657995658984797625,110,30.1
temperature,1657995668239809872,110,30.1
temperature,1657995677497224767,110,30.5
temperature,1657995686757384306,110,29.3
temperature,1657995696016395701,110,30.3
temperature,1657995705271330353,110,30
temperature,1657995714533022432,110,30.3
temperature,1657995723789823083,110,30.7
temperature,1657995733057075811,110,30.1
temperature,1657995742317802244,110,29.8
temperature,1657995751573057866,110,30
temperature,1657995760834067166,110,29.6
temperature,1657995770095614354,110,30.1
temperature,1657995779343456197,110,30.1
temperature,1657995788608110850,110,30.5
temperature,1657995797883644705,110,30.3
temperature,1657995807134955433,110,29.6
temperature,1657995816386715752,110,30.4
temperature,1657995825653841165,110,31.1
temperature,1657995834919622585,110,30.2
temperature,1657995844183556479,110,30.4
temperature,1657995853429526007,110,29.7
temperature,1657995862709228314,110,30.5
temperature,1657995871970022409,110,30.5
temperature,1657995881225480517,110,30.5
temperature,1657995890506995350,110,30.7
temperature,1657995899764596083,110,30.1
temperature,1657995909039654350,110,29.6
temperature,1657995918322906258,110,30.2
temperature,1657995927585243662,110,30.5
temperature,1657995936835377379,110,29.8
temperature,1657995946103636769,110,30.7
temperature,1657995955353023109,110,30.5
temperature,1657995964629922060,110,29.9
temperature,1657995973905823147,110,30.6
temperature,1657995983169970521,110,30.5
temperature,1657995992429916724,110,30.6
temperature,1657996001679989966,110,29.5
temperature,1657996010966983325,110,30.1
temperature,1657996020219822981,110,30.9
temperature,1657996029473991635,110,29.9
temperature,1657996038739933246,110,30.6
temperature,1657996047991457548,110,30.5
temperature,1657996057262720513,110,30.1
temperature,1657996066534133459,110,29.8
temperature,1657996075803176078,110,30.2
temperature,1657996085065223597,110,30.8
temperature,1657996094342791650,110,30.3
temperature,1657996103620610675,110,30.2
temperature,1657996112878288283,110,30.6
temperature,1657996122157391627,110,30.2
temperature,1657996131430402466,110,30
temperature,1657996140714485829,110,30.3
temperature,1657996149977457041,110,30.3
temperature,1657996159238517504,110,30.6
temperature,1657996168489125831,110,29.6
temperature,1657996177753521689,110,30.2
temperature,1657996187016684454,110,30.1
temperature,1657996196280396825,110,30.3
temperature,1657996205543623437,110,29.8
temperature,1657996214807712498,110,30.1
temperature,1657996224092154716,110,30
temperature,1657996233367024529,110,30.3
temperature,1657996242621918393,110,30.2
temperature,1657996251886726227,110,30.6
temperature,1657996261164230705,110,30.3
temperature,1657996270428296104,110,29.6
temperature,1657996279677860876,110,30.1
temperature,1657996288937875546,110,30
temperature,1657996298219114953,110,29.8
temperature,1657996307502039748,110,30.3
temperature,1657996316790984240,110,29.6
temperature,1657996326043608547,110,30.3
temperature,1657996335293057991,110,30.2
temperature,1657996344549222357,110,29.9
temperature,1657996353810345797,110,30.1
temperature,1657996363074686345,110,30.5
temperature,1657996372334030393,110,30.4
temperature,1657996381604464282,110,29.9
temperature,1657996390863200606,110,29.7
temperature,1657996400129263644,110,30.5
temperature,1657996409398705739,110,30.3
temperature,1657996418676208243,110,30.7
temperature,1657996427946483794,110,30.2
temperature,1657996437225090175,110,30
temperature,1657996446486813222,110,29.8
temperature,1657996455746539143,110,30.3
temperature,1657996465020593532,110,30.1
temperature,1657996474282211731,110,30.1
temperature,1657996483537931860,110,29.5
temperature,1657996492793650792,110,29.9
temperature,1657996502071546782,110,30.5
temperature,1657996511337517605,110,30.1
temperature,1657996520597679962,110,30.6
temperature,1657996529867775662,110,29.8
temperature,1657996539130871121,110,30.4
temperature,1657996548389734655,110,30.5
temperature,1657996557643810467,110,30.3
temperature,1657996566892881259,110,30.1
temperature,1657996576189235994,110,30.3
temperature,1657996585446254268,110,29.7
temperature,1657996594726284356,110,29.2
temperature,1657996603964358260,110,30.1
temperature,1657996613232086728,110,29.8
temperature,1657996622514953175,110,30.3
temperature,1657996631783971229,110,30.3
temperature,1657996641048063667,110,30.3
temperature,1657996650324335782,110,30.3
temperature,1657996659587059364,110,30.1
temperature,1657996668843746306,110,30.1
temperature,1657996678103100142,110,30.3
temperature,1657996687380864216,110,30.1
temperature,1657996696638308353,110,30.2
temperature,1657996705899251481,110,30.6
temperature,1657996715171999865,110,30.3
temperature,1657996724435246789,110,30.2
temperature,1657996733713441958,110,29.9
temperature,1657996742975300964,110,30.4
temperature,1657996752251301964,110,30.2
temperature,1657996761514942829,110,30.4
temperature,1657996770772250187,110,29.8
temperature,1657996780024526271,110,30.1
temperature,1657996789284295683,110,30.2
temperature,1657996798538635002,110,30.3
temperature,1657996807795544339,110,30.7
temperature,1657996817076602234,110,29.8
temperature,1657996826349668767,110,30.3
temperature,1657996835605708411,110,30.3
temperature,1657996844866772604,110,30.6
temperature,1657996854127833404,110,30.3
temperature,1657996863402408189,110,30.3
temperature,1657996872695150150,110,30.1
temperature,1657996881957438879,110,30.1
temperature,1657996891223188050,110,30.1
temperature,1657996900480874636,110,30.7
temperature,1657996909740578280,110,30.3
temperature,1657996919013859427,110,30
temperature,1657996928280600423,110,30.2
temperature,1657996937549794772,110,30.4
temperature,1657996946827006021,110,30.8
temperature,1657996956082480414,110,30.2
temperature,1657996965342573296,110,30
temperature,1657996974624697426,110,30.4
temperature,1657996983879261609,110,30.1
temperature,1657996993151266042,110,30.6
temperature,1657997002407421345,110,30.2
temperature,1657997011674241155,110,30.3
temperature,1657997020934185783,110,30.5
temperature,1657997030195860538,110,30.3
temperature,1657997039451290422,110,30.6
temperature,1657997048733989012,110,29.5
temperature,1657997057988369766,110,30.6
temperature,1657997067253974516,110,29.7
temperature,1657997076519956154,110,30.3
temperature,1657997085771533642,110,30.6
temperature,1657997095030521759,110,30.2
temperature,1657997104280446029,110,30.2
temperature,1657997113530187050,110,30.1
temperature,1657997122797502893,110,30.1
temperature,1657997132067540086,110,29.8
temperature,1657997141329564711,110,30.8
temperature,1657997150583813179,110,30.1
temperature,1657997159848181555,110,30.6
temperature,1657997169107149663,110,30.3
temperature,1657997178349795103,110,30.8
temperature,1657997187615822526,110,29.8
temperature,1657997196883248981,110,30.1
temperature,1657997206143967603,110,31.1
temperature,1657997215407783945,110,30.1
temperature,1657997224674906843,110,29.7
temperature,1657997233940882454,110,30.4
temperature,1657997243214056923,110,30.3
temperature,1657997252480049372,110,30.7
temperature,1657997261761141755,110,30.3
temperature,1657997271032272281,110,30.3
temperature,1657997280278083311,110,30
temperature,1657997289554660529,110,30.5
temperature,1657997298816796352,110,30.1
temperature,1657997308073185039,110,30.1
temperature,1657997317361415290,110,30.2
temperature,1657997326661848409,110,29.9
temperature,1657997335926276496,110,29.8
temperature,1657997345187188204,110,30
temperature,1657997354440151978,110,30.4
temperature,1657997363691306236,110,30.5
temperature,1657997372957704512,110,30.6
temperature,1657997382208203376,110,30.3
temperature,1657997391482832318,110,30.4
temperature,1657997400744814440,110,30.3
temperature,1657997409988550983,110,30.2
temperature,1657997419253342578,110,30.1
temperature,1657997428508370518,110,30.6
temperature,1657997437789151279,110,30.3
temperature,1657997447051166342,110,30.3
temperature,1657997456300325073,110,30.4
temperature,1657997465565942610,110,29.7
temperature,1657997474833666640,110,29.6
temperature,1657997484085872225,110,30
temperature,1657997493351777281,110,30.8
temperature,1657997502618032927,110,30.2
temperature,1657997511904829795,110,29.8
temperature,1657997521168973027,110,29.9
temperature,1657997530425324301,110,30.4
temperature,1657997539691904810,110,30.3
temperature,1657997548967208402,110,29.7
temperature,1657997558246974459,110,30.3
temperature,1657997567495892070,110,29.6
temperature,1657997576765101384,110,29.9
temperature,1657997586025468766,110,30.5
temperature,1657997595289488075,110,29.9
temperature,1657997604551017544,110,30.3
temperature,1657997613814639111,110,29.6
temperature,1657997623069298973,110,30.2
temperature,1657997632332338551,110,30
temperature,1657997641584400627,110,30.5
temperature,1657997650835074239,110,29.8
temperature,1657997660115507458,110,30.6
temperature,1657997669393496136,110,30.8
temperature,1657997678655483743,110,30.5
temperature,1657997687916412271,110,30.7
temperature,1657997697175488032,110,30.6
temperature,1657997706442019305,110,30.8
temperature,1657997715693510543,110,30
temperature,1657997724945084815,110,29.9
temperature,1657997734290326598,110,29.7
temperature,1657997743522228886,110,29.8
temperature,1657997752746824173,110,29.6
temperature,1657997771062051925,110,29.6
temperature,1657997771248517603,110,30.6
temperature,1657997789828935820,110,30.8
temperature,1657997799108662095,110,30.4
temperature,1657997808376670600,110,30.6
temperature,1657997817637035000,110,30.3
temperature,1657997826918329647,110,30.5
temperature,1657997836180393367,110,30.3
temperature,1657997845429955535,110,29.6
temperature,1657997854692105044,110,30.1
temperature,1657997863954157929,110,29.7
temperature,1657997873216211534,110,30.1
temperature,1657997882490199256,110,30.1
temperature,1657997891756029838,110,30.2
temperature,1657997901036034523,110,30
temperature,1657997910301905661,110,30
temperature,1657997919568328871,110,30.2
temperature,1657997928827814794,110,30.3
temperature,1657997938119277954,110,30.5
temperature,1657997947407012445,110,29.8
temperature,1657997956674306086,110,29.9
temperature,1657997965926388953,110,30.6
temperature,1657997975190536266,110,30.1
temperature,1657997984474387634,110,29.9
temperature,1657997993732342013,110,30.2
temperature,1657998002997417925,110,30
temperature,1657998012249361012,110,30.4
temperature,1657998021508561325,110,30.1
temperature,1657998030763842387,110,30.1
temperature,1657998040019618802,110,29.8
temperature,1657998049287179634,110,30.4
temperature,1657998058570814325,110,29.3
temperature,1657998067847627269,110,30.1
temperature,1657998077136791804,110,30.4
temperature,1657998086390498553,110,30.4
temperature,1657998095654742219,110,30.3
temperature,1657998104916773745,110,29.8
temperature,1657998114187097049,110,30.2
temperature,1657998123447747286,110,30.2
temperature,1657998132707487503,110,29.3
temperature,1657998141964855287,110,30.3
temperature,1657998151233927420,110,30.3
temperature,1657998160502998518,110,30.3
temperature,1657998169768142776,110,29.9
temperature,1657998179011100057,110,30.1
temperature,1657998188270752276,110,30.1
temperature,1657998197529339918,110,29.2
temperature,1657998206795134595,110,30.1
temperature,1657998216062240801,110,29.9
temperature,1657998225324463001,110,30.5
temperature,1657998234587896567,110,29.9
temperature,1657998243859902385,110,30.2
temperature,1657998253145945708,110,30.6
temperature,1657998262413292843,110,29.8
temperature,1657998271656739515,110,30.3
temperature,1657998280922567099,110,30
temperature,1657998290187606853,110,30.3
temperature,1657998299435411688,110,30.3
temperature,1657998308686874853,110,30.1
temperature,1657998317945096339,110,30.4
temperature,1657998327199640082,110,30.5
temperature,1657998336456795064,110,29.5
temperature,1657998345722632307,110,30.2
temperature,1657998355005519283,110,29.6
temperature,1657998364265513791,110,30.2
temperature,1657998373523340937,110,30.3
temperature,1657998382789705834,110,30.2
temperature,1657998392050796294,110,30.3
temperature,1657998401309808735,110,29.9
temperature,1657998410555005992,110,30.3
temperature,1657998419832920761,110,30.1
temperature,1657998429095913952,110,30.1
temperature,1657998438353699419,110,30.2
temperature,1657998447607860638,110,30.2
temperature,1657998456879913678,110,30.2
temperature,1657998466146595538,110,30.2
temperature,1657998475394638372,110,30.6
temperature,1657998484647306934,110,30.4
temperature,1657998493928192614,110,30.6
temperature,1657998503210601954,110,30.1
temperature,1657998512471176627,110,29.6
temperature,1657998521725895896,110,29.8
temperature,1657998530990230069,110,30.1
temperature,1657998540249923073,110,29.8
temperature,1657998549522263142,110,29.6
temperature,1657998558779468694,110,30.6
temperature,1657998568043944345,110,30.4
temperature,1657998577311168419,110,29.8
temperature,1657998586573108555,110,30.8
temperature,1657998595831875944,110,29.8
temperature,1657998605093274611,110,29.7
temperature,1657998614358610595,110,30.2
temperature,1657998623623447864,110,30.1
temperature,1657998632882895479,110,30.2
temperature,1657998642137051577,110,30.1
temperature,1657998651398026178,110,30.3
temperature,1657998660648759867,110,30.1
temperature,1657998669914399905,110,30.4
temperature,1657998679163447339,110,29.8
temperature,1657998688424475521,110,29.1
temperature,1657998697688002883,110,31.3
temperature,1657998706952462462,110,30.1
temperature,1657998716204934378,110,30.1
temperature,1657998725470266273,110,30.2
temperature,1657998734734357640,110,29.8
temperature,1657998743996167000,110,29.8
temperature,1657998753253003765,110,29.9
temperature,1657998762508270239,110,29.5
temperature,1657998771784883246,110,30.2
temperature,1657998781043182559,110,29.6
temperature,1657998790311702322,110,30.3
temperature,1657998799568355065,110,29.9
temperature,1657998808822753681,110,30.3
temperature,1657998818093481604,110,30
temperature,1657998827365689085,110,30.3
temperature,1657998836637123139,110,30.2
temperature,1657998845915865151,110,30.2
temperature,1657998855205345253,110,29.8
temperature,1657998864453298813,110,30.2
temperature,1657998873729363145,110,30.1
temperature,1657998883000195498,110,30.2
temperature,1657998892269556638,110,30.2
temperature,1657998901520490161,110,29.8
temperature,1657998910805731852,110,30.3
temperature,1657998920090300422,110,30.4
temperature,1657998929341261270,110,30.1
temperature,1657998938599166129,110,30.1
temperature,1657998947859958104,110,29.8
temperature,1657998957116725053,110,30.4
temperature,1657998966376670279,110,30.2
temperature,1657998975651223574,110,31.3
temperature,1657998984914658614,110,30.3
temperature,1657998994187275923,110,29.6
temperature,1657999003455731539,110,30
temperature,1657999012718392252,110,30.9
temperature,1657999021976893696,110,30.1
temperature,1657999031240689961,110,30.4
temperature,1657999040514470246,110,30.5
temperature,1657999049793872495,110,30.3
temperature,1657999059065762754,110,29.8
temperature,1657999068339230019,110,30.1
temperature,1657999077603110556,110,29.8
temperature,1657999086863957045,110,30.7
temperature,1657999096119751379,110,30.5
temperature,1657999105381665619,110,30.1
temperature,1657999114659639488,110,29.9
temperature,1657999123934649017,110,30.3
temperature,1657999133208291961,110,29.7
temperature,1657999142459532780,110,30.3
temperature,1657999151727125169,110,30.5
temperature,1657999160985433821,110,30.5
temperature,1657999170264598836,110,30.6
temperature,1657999179524654031,110,30.3
temperature,1657999188780983683,110,29.8
temperature,1657999198049054902,110,30.3
temperature,1657999207313584869,110,30.7
temperature,1657999216564400874,110,30.3
temperature,1657999225830294494,110,30.1
temperature,1657999235092397384,110,28.9
temperature,1657999244344001540,110,30.1
temperature,1657999253602939588,110,29.3
temperature,1657999262878444183,110,30.6
temperature,1657999272129713098,110,30.2
temperature,1657999281394640892,110,29.6
temperature,1657999290659768439,110,30.2
temperature,1657999299915031179,110,30.1
temperature,1657999309175717812,110,29.9
temperature,1657999318438281777,110,30.1
temperature,1657999327698270936,110,30
temperature,1657999336957021632,110,30.1
temperature,1657999346214561584,110,30.6
temperature,1657999355483365364,110,30.1
temperature,1657999364739892541,110,30.2
temperature,1657999374008945435,110,30.2
temperature,1657999383259460876,110,29.6
temperature,1657999392524819581,110,30.2
temperature,1657999401775699096,110,31
temperature,1657999411023031092,110,30.1
temperature,1657999420281793956,110,30.6
temperature,1657999429544586884,110,30.4
temperature,1657999438827436992,110,30.1
temperature,1657999448084266537,110,30
temperature,1657999457348337918,110,30.4
temperature,1657999466617167775,110,30.1
temperature,1657999475888636203,110,29.8
temperature,1657999485142095770,110,30.6
temperature,1657999494403879183,110,30.1
temperature,1657999503662960864,110,30.3
temperature,1657999512925385518,110,30.2
temperature,1657999522214240286,110,29.7
temperature,1657999531482041090,110,30.3
temperature,1657999540739831636,110,29.3
temperature,1657999550021576700,110,30.3
temperature,1657999559278536460,110,30.1
temperature,1657999568553477971,110,29.6
temperature,1657999577833322823,110,29.6
temperature,1657999587099331660,110,30.3
temperature,1657999596350160745,110,30.6
temperature,1657999605613441545,110,30
temperature,1657999614863289297,110,30.3
temperature,1657999624131195705,110,30.1
temperature,1657999633395778407,110,29.6
temperature,1657999642658755119,110,30.3
temperature,1657999651920856594,110,30
temperature,1657999661200034010,110,30
temperature,1657999670471300836,110,30.1
temperature,1657999679720841959,110,30.3
temperature,1657999688985980817,110,30.2
temperature,1657999698237116933,110,30
temperature,1657999707502363137,110,29.9
temperature,1657999716774561417,110,29.7
temperature,1657999726040575798,110,30.4
temperature,1657999735311533998,110,30
temperature,1657999744588835770,110,30
temperature,1657999753843454224,110,30.1
temperature,1657999763100982418,110,30.3
temperature,1657999772368372827,110,29.9
temperature,1657999781632479481,110,30.5
temperature,1657999790908267360,110,30.1
temperature,1657999800176210518,110,30.2
temperature,1657999809426359364,110,30.8
temperature,1657999818680784093,110,29.8
temperature,1657999827947098977,110,30.3
temperature,1657999837223068417,110,30.1
temperature,1657999846474716317,110,29.8
temperature,1657999855744079080,110,30.1
temperature,1657999865009093775,110,30.6
temperature,1657999874268358181,110,30.1
temperature,1657999883529417271,110,30.1
temperature,1657999892786429340,110,30.2
temperature,1657999902061900797,110,29.5
temperature,1657999911322980816,110,30
temperature,1657999920573573412,110,30.1
temperature,1657999929835084178,110,29
temperature,1657999939093612161,110,29.9
temperature,1657999948346548687,110,29.6
temperature,1657999957607531044,110,30.5
temperature,1657999966870685440,110,30.1
temperature,1657999976143182286,110,30.4
temperature,1657999985412631144,110,30
temperature,1657999994679526099,110,29.9
temperature,1658000003961033143,110,30.1
temperature,1658000013227542632,110,30
temperature,1658000022503817246,110,30.1
temperature,1658000031777328211,110,30
temperature,1658000041015338497,110,29.9
temperature,1658000050282958994,110,30.9
temperature,1658000059546423931,110,30.3
temperature,1658000068813681610,110,30.4
temperature,1658000078076934115,110,30.3
temperature,1658000087335253797,110,29.2
temperature,1658000096597786097,110,30.1
temperature,1658000105869980976,110,30.3
temperature,1658000115131177517,110,29.3
temperature,1658000124385940570,110,30.5
temperature,1658000133643017719,110,29.6
temperature,1658000142911227892,110,30.1
temperature,1658000152178994116,110,30.7
temperature,1658000161450352001,110,30
temperature,1658000170707822269,110,29.8
temperature,1658000179981450981,110,30.4
temperature,1658000189242419857,110,30.1
temperature,1658000198507103070,110,30.1
temperature,1658000207759704602,110,30.5
temperature,1658000217020455869,110,30.2
temperature,1658000226267350510,110,29.8
temperature,1658000235541253601,110,30.2
temperature,1658000244798681479,110,29.4
temperature,1658000254054687655,110,30.6
temperature,1658000263329603566,110,30.2
temperature,1658000272610181668,110,30.1
temperature,1658000281887670019,110,29.8
temperature,1658000291174868112,110,30.3
temperature,1658000300441316115,110,30
temperature,1658000309706479967,110,30.1
temperature,1658000318956166109,110,30.1
temperature,1658000328229246818,110,30.2
temperature,1658000337490572164,110,30.6
temperature,1658000346763545299,110,30.6
temperature,1658000356026973000,110,29.3
temperature,1658000365316165142,110,29.9
temperature,1658000374597233854,110,29.3
temperature,1658000383854247728,110,30
temperature,1658000393112374090,110,29.8
temperature,1658000402386064986,110,29.8
temperature,1658000411642780495,110,29.5
temperature,1658000420898180962,110,30.2
temperature,1658000430156207969,110,29.5
temperature,1658000439431138322,110,29.7
temperature,1658000448701174992,110,30.1
temperature,1658000457947037028,110,29.3
temperature,1658000467218129006,110,30.1
temperature,1658000476486320741,110,29.7
temperature,1658000485732577584,110,30
temperature,1658000494995825250,110,30
temperature,1658000504261662403,110,30
temperature,1658000513510104960,110,29.6
temperature,1658000522763785887,110,30.1
temperature,1658000532037122229,110,30.1
temperature,1658000541312571544,110,29.7
temperature,1658000550579130575,110,29.4
temperature,1658000559842322773,110,29.8
temperature,1658000569100803877,110,30.1
temperature,1658000578361538829,110,29.8
temperature,1658000587636486627,110,29.6
temperature,1658000596899851247,110,29.6
temperature,1658000606167567234,110,29.6
temperature,1658000615428925565,110,28.8
temperature,1658000624702758568,110,31
temperature,1658000633972443757,110,29.6
temperature,1658000643249176534,110,30.2
temperature,1658000652525955416,110,30.1
temperature,1658000661808198656,110,29.6
temperature,1658000671068045242,110,30.2
temperature,1658000680332338456,110,30.1
temperature,1658000689586837616,110,30.6
temperature,1658000698846399360,110,29.8
temperature,1658000708107468954,110,30.4
temperature,1658000717375481641,110,30.1
temperature,1658000726634130460,110,30.1
temperature,1658000735907306009,110,30.3
temperature,1658000745179536639,110,30.3
temperature,1658000754445887864,110,29.7
temperature,1658000763727432906,110,30.3
temperature,1658000772992342813,110,29.8
temperature,1658000782236816118,110,29.8
temperature,1658000791486937968,110,30.4
temperature,1658000800742778796,110,29.7
temperature,1658000810010057374,110,30.1
temperature,1658000819263859468,110,30.2
temperature,1658000828531380666,110,30.1
temperature,1658000837779153944,110,29.9
temperature,1658000847051250962,110,29.1
temperature,1658000856325837517,110,30.5
temperature,1658000865602463084,110,29.8
temperature,1658000874875745488,110,29.8
temperature,1658000884155016772,110,29.8
temperature,1658000893420345660,110,30
temperature,1658000902694120567,110,29.7
temperature,1658000911978089729,110,29.8
temperature,1658000921236860276,110,29.8
temperature,1658000930510521089,110,30.1
temperature,1658000939766425238,110,29.8
temperature,1658000949042980690,110,29.5
temperature,1658000958324529181,110,29.6
temperature,1658000967577821377,110,29.7
temperature,1658000976852942420,110,29.3
temperature,1658000986122091531,110,30.3
temperature,1658000995389108805,110,30.3
temperature,1658001004660215223,110,29.9
temperature,1658001013927117346,110,30
temperature,1658001023196775779,110,30.2
temperature,1658001032455997768,110,30.1
temperature,1658001041712816201,110,30.3
temperature,1658001050983204215,110,30.2
temperature,1658001060242341731,110,30.1
temperature,1658001069493200432,110,29.5
temperature,1658001078763859787,110,30.3
temperature,1658001088014602611,110,30
temperature,1658001097274186172,110,29.6
temperature,1658001106548549537,110,29.8
temperature,1658001115815997105,110,30.1
temperature,1658001125093932172,110,30.8
temperature,1658001134371143599,110,30.2
temperature,1658001143636042781,110,29
temperature,1658001152893450200,110,29.6
temperature,1658001162152003425,110,29.7
temperature,1658001171439791741,110,29.9
temperature,1658001180708695703,110,29.5
temperature,1658001189971632100,110,30.4
temperature,1658001199229940412,110,29.9
temperature,1658001208486900605,110,30
temperature,1658001217752175235,110,30.2
temperature,1658001227014459894,110,29.6
temperature,1658001236263485311,110,29.7
temperature,1658001245522742940,110,29.9
temperature,1658001254793093005,110,30.2
temperature,1658001264053010515,110,29.6
temperature,1658001273315199962,110,30
temperature,1658001282586022021,110,29.9
temperature,1658001291856778604,110,29.8
temperature,1658001301143012796,110,29.6
temperature,1658001310402066166,110,29.5
temperature,1658001319660184845,110,29.5
temperature,1658001328940903710,110,29.6
temperature,1658001338205672568,110,29.9
temperature,1658001347462717463,110,30.2
temperature,1658001356733916451,110,29.6
temperature,1658001371006868715,110,29.3
temperature,1658001380316668848,110,30.1
temperature,1658001389569092363,110,30
temperature,1658001398821087623,110,29.9
temperature,1658001408087183399,110,30.3
temperature,1658001417342619420,110,29.8
temperature,1658001426605655650,110,30.1
temperature,1658001435870271221,110,29.8
temperature,1658001445139802559,110,29.8
temperature,1658001454399699892,110,30.1
temperature,1658001463666338503,110,30.5
temperature,1658001472933653105,110,29.4
temperature,1658001482193456328,110,29.5
temperature,1658001491465761750,110,29
temperature,1658001500726487107,110,30.1
temperature,1658001509969588217,110,29.5
temperature,1658001519228089501,110,30.1
temperature,1658001528482552069,110,29.9
temperature,1658001537758405499,110,30.1
temperature,1658001547019490318,110,29.5
temperature,1658001556282623203,110,29.5
temperature,1658001565536708732,110,29.8
temperature,1658001574801895245,110,29.6
temperature,1658001584059652797,110,29.8
temperature,1658001593320068714,110,29.4
temperature,1658001602578279686,110,29.7
temperature,1658001611846243653,110,29.8
temperature,1658001621094585571,110,29.9
